{"metadata": {"schemaVersion": "1.0", "importType": "LEX", "importFormat": "JSON"}, "resource": {"description": "Training text input for custom free flow slot", "name": "trainingText", "version": "1", "enumerationValues": [{"value": "To Sherlock Holmes she is always THE woman"}, {"value": "I had seen little of Holmes lately"}, {"value": "And in practice again I observe"}, {"value": "The note was undated and without either signature or address"}, {"value": "What do you deduce from it"}, {"value": "Hold it up to the light"}, {"value": "He took down a heavy brown volume from his shelves"}, {"value": "And the man who wrote the note is a German"}, {"value": "A hundred and fifty guineas apiece"}, {"value": "And this promises to be interesting"}, {"value": "I may want your help and so may he"}, {"value": "Whom have I the honour to address"}, {"value": "The Count shrugged his broad shoulders"}, {"value": "The name is no doubt familiar to you"}, {"value": "Once we diverted her luggage when she travelled"}, {"value": "She is herself the very soul of delicacy"}, {"value": "Holmes took a note of it"}, {"value": "Seldom goes out at other times except when she sings"}, {"value": "Has only one male visitor but a good deal of him"}, {"value": "He is a Mr Godfrey Norton of the Inner Temple"}, {"value": "Was she his client his friend or his mistress"}, {"value": "If the latter it was less likely"}, {"value": "We must be at Briony Lodge to meet her"}, {"value": "There is only one point on which I must insist"}, {"value": "Your task is confined to that"}, {"value": "I hope that I have made myself clear"}, {"value": "It was not merely that Holmes changed his costume"}, {"value": "Two attempts of the sort have already been made"}, {"value": "It must be in her own house"}, {"value": "They did not know how to look"}, {"value": "But I hear the rumble of wheels"}, {"value": "Now carry out my orders to the letter"}, {"value": "May we bring him in marm"}, {"value": "After all I thought we are not injuring her"}, {"value": "They were all engaged for the evening"}, {"value": "She was bound to have me in"}, {"value": "She would rush to secure it"}, {"value": "The alarm of fire was admirably done"}, {"value": "A little overprecipitance may ruin all"}, {"value": "We had reached Baker Street and had stopped at the door"}, {"value": "I am all impatience to be gone"}, {"value": "What a queen she would have made"}, {"value": "My mistress told me that you were likely to call"}, {"value": "To be left till called for"}, {"value": "I had been warned against you months ago"}, {"value": "And your address had been given me"}, {"value": "Male costume is nothing new to me"}, {"value": "I love and am loved by a better man than he"}, {"value": "Would she not have made an admirable queen"}, {"value": "Is it not a pity that she was not on my level"}, {"value": "I know that her word is inviolate"}, {"value": "The King stared at him in amazement"}, {"value": "I have the honour to wish you a very goodmorning"}, {"value": "I did not gain very much however by my inspection"}, {"value": "Can you not find the advertisement Mr"}, {"value": "You just read it for yourself sir"}, {"value": "Its hard to say his age"}, {"value": "he said gravely that is very serious indeed"}, {"value": "The will is very clear upon that point"}, {"value": "And no later than this morning"}, {"value": "Here it is and you can read for yourself"}, {"value": "I did not know what to do"}, {"value": "He answered that the name was new to him"}, {"value": "He did tell me the address"}, {"value": "But he could not help me in any way"}, {"value": "Holmes sat up in his chair in considerable excitement"}, {"value": "said Holmes sinking back in deep thought"}, {"value": "Let us now explore the parts which lie behind it"}, {"value": "That carries us right on to the other block"}, {"value": "What was this nocturnal expedition and why should I go armed"}, {"value": "Where were we going and what were we to do"}, {"value": "I thought it as well to have Jones with us also"}, {"value": "he remarked looking up in surprise"}, {"value": "At first it was but a lurid spark upon the stone pavement"}, {"value": "Its disappearance however was but momentary"}, {"value": "Jump Archie jump and Ill swing for it"}, {"value": "You seem to have done the thing very completely"}, {"value": "That however was out of the question"}, {"value": "There was the end of this tangled clue"}, {"value": "His knees were what I wished to see"}, {"value": "For all these reasons I expected them to come tonight"}, {"value": "I smiled and shook my head"}, {"value": "But here she comes in person to resolve our doubts"}, {"value": "If not why should you come to consult me"}, {"value": "Mr Windibank did not wish us to go"}, {"value": "Can you remember any other little things about Mr Hosmer Angel"}, {"value": "Very retiring and gentlemanly he was"}, {"value": "Was it to be in church"}, {"value": "He was too good and kind to leave me so"}, {"value": "How did your mother take the matter"}, {"value": "And why could he not write"}, {"value": "You have made your statement very clearly"}, {"value": "He shall find me ready when he comes back"}, {"value": "Now what did you gather from that womans appearance"}, {"value": "Sherlock Holmes clapped his hands softly together and chuckled"}, {"value": "I held the little printed slip to the light"}, {"value": "It was the bisulphate of baryta"}, {"value": "I thought of the salt that I have been working upon"}, {"value": "Mr Windibank gave a violent start and dropped his gloves"}, {"value": "Mr Windibank sprang out of his chair and picked up his hat"}, {"value": "Sit down and let us talk it over"}, {"value": "It was worth an effort to preserve it"}, {"value": "What does her clever stepfather do then"}, {"value": "Shall be glad if you will come with me"}, {"value": "said my wife looking across at me"}, {"value": "I have not seen a paper for some days"}, {"value": "McCarthy kept two servantsa man and a girl"}, {"value": "And many men have been wrongfully hanged"}, {"value": "You will find it here and may read it for yourself"}, {"value": "I know nothing further of the matter"}, {"value": "here is her carriage at the door"}, {"value": "I know that James didnt do it"}, {"value": "Never let yourself doubt upon that point"}, {"value": "Do you not see some loophole some flaw"}, {"value": "I know that he is right"}, {"value": "Goodbye and God help you in your undertaking"}, {"value": "It was late before Sherlock Holmes returned"}, {"value": "before he knew that his son had returned"}, {"value": "In a hundred other ways he has helped him"}, {"value": "The daughter told us as much"}, {"value": "He ran when he saw his father on the ground"}, {"value": "Now where did they come from"}, {"value": "There was no sign of a place whence it had been taken"}, {"value": "His boots too might be told from their traces"}, {"value": "He put less weight upon it"}, {"value": "The man who entered was a strange and impressive figure"}, {"value": "The old man sank his face in his hands"}, {"value": "Young McCarthy must be got off however"}, {"value": "Yet I would rather die under my own roof than in a gaol"}, {"value": "Could I not snap the bond"}, {"value": "But my memory and my girl"}, {"value": "Both could be saved if I could but silence that foul tongue"}, {"value": "And what do you intend to do"}, {"value": "said Holmes after a long silence"}, {"value": "He was wrongfully accused of cheating at cards"}, {"value": "said he as he took it up Pondicherry postmark"}, {"value": "If you can enjoy it in peace well and good"}, {"value": "But what is this written above them"}, {"value": "said he gripping hard at his courage"}, {"value": "Where does the thing come from"}, {"value": "Nothing but energy can save you"}, {"value": "Holmes shook his clenched hands in the air"}, {"value": "His orders were to stay in the house"}, {"value": "Again Holmes raved in the air"}, {"value": "You must get home instantly and act"}, {"value": "It must be done at once"}, {"value": "Tomorrow I shall set to work upon your case"}, {"value": "He shook hands with us and took his leave"}, {"value": "Holmes grinned at the last item"}, {"value": "What do you deduce from that"}, {"value": "That the writer was on board of a ship"}, {"value": "And now let us consider another point"}, {"value": "But as a matter of fact seven weeks elapsed"}, {"value": "Their papers they mean to have be the holder of them who it may"}, {"value": "Holmes turned over the leaves of the book upon his knee"}, {"value": "I may have to go down to Horsham after all"}, {"value": "said he laying down his cup I feared as much"}, {"value": "He spoke calmly but I could see that he was deeply moved"}, {"value": "I had no time to think of it"}, {"value": "I shall have the others but he first"}, {"value": "I groaned for I was newly come back from a weary day"}, {"value": "she cried; I do so want a little help"}, {"value": "I want the doctors advice and help too"}, {"value": "He has not been home for two days"}, {"value": "Did she know where her husband was"}, {"value": "But what was she to do"}, {"value": "Might I not escort her to this place"}, {"value": "I have not come to stay said I"}, {"value": "You should be ashamed of yourself"}, {"value": "I wouldnt frighten Katepoor little Kate"}, {"value": "I can do nothing for myself"}, {"value": "The words fell quite distinctly upon my ear"}, {"value": "I took two steps forward and looked back"}, {"value": "I whispered what on earth are you doing in this den"}, {"value": "My room at The Cedars is a doublebedded one"}, {"value": "We have a sevenmile drive before us"}, {"value": "Youll know all about it presently"}, {"value": "All right John; we shall not need you"}, {"value": "Look out for me tomorrow about eleven"}, {"value": "Would the body be dressed in a coat alone"}, {"value": "There is not an instant to be lost"}, {"value": "See that light among the trees"}, {"value": "I simply wish to hear your real real opinion"}, {"value": "Sherlock Holmes seemed to be embarrassed by the question"}, {"value": "Let us now see the letter"}, {"value": "there has been an enclosure here"}, {"value": "The ring after all proves nothing"}, {"value": "As I dressed I glanced at my watch"}, {"value": "It was twentyfive minutes past four"}, {"value": "One of them held the horses head while the other led us in"}, {"value": "He was brought up and remanded for further inquiries"}, {"value": "But he is a dirty scoundrel"}, {"value": "Come this way if you please"}, {"value": "We both put our eyes to the grating"}, {"value": "You are a funny one chuckled the inspector"}, {"value": "Never in my life have I seen such a sight"}, {"value": "I know him from the photograph"}, {"value": "I took advantage now of my attainments"}, {"value": "Only one man knew my secret"}, {"value": "What a week she must have spent"}, {"value": "But have you never been prosecuted for begging"}, {"value": "But if you are found again then all must come out"}, {"value": "No crime said Sherlock Holmes laughing"}, {"value": "We have already had experience of such"}, {"value": "And first as to how it came here"}, {"value": "For answer Holmes clapped the hat upon his head"}, {"value": "It is a hat of the very best quality"}, {"value": "Remember the card upon the birds leg"}, {"value": "See what my wife found in its crop"}, {"value": "Sherlock Holmes sat up with a whistle"}, {"value": "This stone is not yet twenty years old"}, {"value": "I am at a loss to know now why you did not advertise"}, {"value": "Our visitor gave a rather shamefaced laugh"}, {"value": "But you see sir thems not our geese"}, {"value": "Its a cold night said Holmes"}, {"value": "Now where did you get them from"}, {"value": "Youd be as warm maybe if you were as pestered as I am"}, {"value": "and What will you take for the geese"}, {"value": "You see this other page in red ink"}, {"value": "Now look at that third name"}, {"value": "Now turn that up in the ledger"}, {"value": "Holmes turned to the page indicated"}, {"value": "Oakshott 117 Brixton Road egg and poultry supplier"}, {"value": "Did I buy the geese off you"}, {"value": "this may save us a visit to Brixton Road whispered Holmes"}, {"value": "I think that I could be of assistance to you"}, {"value": "How could you know anything of the matter"}, {"value": "Sherlock Holmes hailed a fourwheeler which was passing"}, {"value": "The man hesitated for an instant"}, {"value": "A flush sprang to the white cheeks of the stranger"}, {"value": "Head attendant at the Hotel Cosmopolitan"}, {"value": "said Holmes cheerily as we filed into the room"}, {"value": "You want to know what became of those geese"}, {"value": "I have it here in my museum"}, {"value": "Give him a dash of brandy"}, {"value": "What a shrimp it is to be sure"}, {"value": "Oh dont bring it into court"}, {"value": "I will leave the country sir"}, {"value": "Ryder passed his tongue over his parched lips"}, {"value": "There was no place about the hotel where it would be safe"}, {"value": "He would show me how to turn the stone into money"}, {"value": "But how to get to him in safety"}, {"value": "Its the big white one over yonder"}, {"value": "Ill have the other and Ill take it now said I"}, {"value": "Kill it and take it with you"}, {"value": "My sister thinks that I am going mad"}, {"value": "Sometimes I think that I am myself"}, {"value": "Then my friend rose and threw open the door"}, {"value": "And no more words were needed"}, {"value": "You have come in by train this morning I see"}, {"value": "Such was the dreadful end of my beloved sister"}, {"value": "Besides there were no marks of any violence upon her"}, {"value": "Holmes shook his head like a man who is far from being satisfied"}, {"value": "The lady coloured deeply and covered over her injured wrist"}, {"value": "Yet we have not a moment to lose"}, {"value": "You are not averse to this trip Watson"}, {"value": "What are you going to do yourself"}, {"value": "What has she been saying to you"}, {"value": "You put me off do you"}, {"value": "I have heard of you before"}, {"value": "I know that Miss Stoner has been here"}, {"value": "I am a dangerous man to fall foul of"}, {"value": "Miss Stoner turned white to the lips as she listened"}, {"value": "she cried he has followed me then"}, {"value": "But I am now sleeping in the middle one"}, {"value": "muttered Holmes pulling at the rope"}, {"value": "But there is a cheetah and a baboon"}, {"value": "There is one point which I should wish to determine"}, {"value": "Both Miss Stoner and I gazed at him in astonishment"}, {"value": "Your windows would be visible from there"}, {"value": "There is a distinct element of danger"}, {"value": "He has nerve and he has knowledge"}, {"value": "Palmer and Pritchard were among the heads of their profession"}, {"value": "I whispered; did you see it"}, {"value": "Holmes was for the moment as startled as I"}, {"value": "I had forgotten the strange pets which the doctor affected"}, {"value": "All was as we had seen it in the daytime"}, {"value": "I nodded to show that I had heard"}, {"value": "I took out my revolver and laid it on the corner of the table"}, {"value": "How shall I ever forget that dreadful vigil"}, {"value": "How long they seemed those quarters"}, {"value": "Someone in the next room had lit a darklantern"}, {"value": "For half an hour I sat with straining ears"}, {"value": "It was a singular sight which met our eyes"}, {"value": "As we entered he made neither sound nor motion"}, {"value": "He has died within ten seconds of being bitten"}, {"value": "I took it up and glanced at it"}, {"value": "He unwound the handkerchief and held out his hand"}, {"value": "I cried this is a terrible injury"}, {"value": "You should have been a surgeon"}, {"value": "I asked when I had finished"}, {"value": "Between your brandy and your bandage I feel a new man"}, {"value": "I was very weak but I have had a good deal to go through"}, {"value": "Ill take you round to him myself"}, {"value": "Do you feel equal to it"}, {"value": "To me it has been exceptionally so"}, {"value": "My gross takings amount to 27 pounds 10s"}, {"value": "said he with something of a German accent"}, {"value": "I hope that I make it all plain"}, {"value": "said he carelessly we have our own process"}, {"value": "But that is a mere detail"}, {"value": "I am sorry to have interrupted you"}, {"value": "It was a wonderfully silent house"}, {"value": "I fear that you have felt the draught"}, {"value": "This is only where we compress it"}, {"value": "He had set the engine at work"}, {"value": "They will see that you are not there"}, {"value": "You said it should not be again"}, {"value": "There would be one to Reading in less than an hour"}, {"value": "The name was strange to him"}, {"value": "You said ten miles I think sir"}, {"value": "Perhaps the villain was softened by the womans entreaties"}, {"value": "Come now we shall see who agrees with you"}, {"value": "We have boxed the compass among us"}, {"value": "He broke the seal and glanced over the contents"}, {"value": "Hes fortyone years of age which is mature for marriage"}, {"value": "Pray let me have the details"}, {"value": "I have been cut to the quick"}, {"value": "Lord St Simon glanced over it"}, {"value": "He had nothing a few years ago"}, {"value": "She is impetuousvolcanic I was about to say"}, {"value": "Holmes gazed long and earnestly at it"}, {"value": "Not more than is usual in my family"}, {"value": "You say that there was a gentleman in the pew"}, {"value": "I had something else to think of"}, {"value": "She was very independent in little matters like that"}, {"value": "Lord St Simon shrugged his shoulders and raised his eyebrows"}, {"value": "She used to be at the Allegro"}, {"value": "Then I do not think that I need to detain you longer"}, {"value": "Lord St Simon shook his head"}, {"value": "asked Holmes with a twinkle in his eye"}, {"value": "I can make neither head nor tail of the business"}, {"value": "I have been at work upon it all day"}, {"value": "Sherlock Holmes leaned back in his chair and laughed heartily"}, {"value": "Lestrade shot an angry glance at my companion"}, {"value": "said my friend blowing blue rings into the air"}, {"value": "They were found floating near the margin by a parkkeeper"}, {"value": "This dress does implicate Miss Flora Millar"}, {"value": "In the pocket is a cardcase"}, {"value": "And here is the very note"}, {"value": "Lestrade rose in his triumph and bent his head to look"}, {"value": "I looked at it before said Lestrade"}, {"value": "It is most important all the same"}, {"value": "Lestrade looked sadly at my companion"}, {"value": "Have you good authority for what you say"}, {"value": "I didnt know what to do"}, {"value": "He beckoned to me and then began walking into the Park"}, {"value": "I slipped out put on my things and followed him"}, {"value": "You wont shake hands before I go"}, {"value": "There are not many in London which charge at that rate"}, {"value": "Besides it is not I alone"}, {"value": "People tell me that I have spoiled him"}, {"value": "I have never denied him a wish"}, {"value": "it is too lateforever too late"}, {"value": "Are you sure that everything is fastened"}, {"value": "I lay listening with all my ears"}, {"value": "I shouted beside myself with rage"}, {"value": "I roared shaking him by the shoulder"}, {"value": "There cannot be any missing said he"}, {"value": "And you know where they are"}, {"value": "I called in the inspector and gave him into custody"}, {"value": "I have already offered a reward of 1000 pounds"}, {"value": "Sir George Burnwell has been several times lately"}, {"value": "Mary and I stay at home"}, {"value": "Besides she is not so very young"}, {"value": "She is even more affected than I"}, {"value": "You are doing what you can for him and for me"}, {"value": "But it is too heavy a task"}, {"value": "What was he doing there at all"}, {"value": "And if it were guilty why did he not invent a lie"}, {"value": "His silence appears to me to cut both ways"}, {"value": "I ask you now is such a theory tenable"}, {"value": "she asked facing round to me"}, {"value": "He wished us to leave him alone"}, {"value": "Might I ask you a question or two"}, {"value": "We must come back to that"}, {"value": "I saw the man too in the gloom"}, {"value": "he is the greengrocer who brings our vegetables round"}, {"value": "Holmes went to the bureau first and looked hard at the lock"}, {"value": "Sherlock Holmes took it up and opened the bureau"}, {"value": "This case I presume contains the coronet"}, {"value": "An ordinary man could not do it"}, {"value": "It is all dark to me"}, {"value": "I shall look into the matter between this and then"}, {"value": "I thought I heard a ring"}, {"value": "It was indeed our friend the financier"}, {"value": "One sorrow comes close upon the heels of another"}, {"value": "Three thousand will cover the matter"}, {"value": "And there is a little reward I fancy"}, {"value": "Better make it out for 4000 pounds"}, {"value": "With a dazed face the banker made out the required check"}, {"value": "With a shriek of joy our client clutched it up"}, {"value": "And his asking to be allowed to go out for five minutes"}, {"value": "How cruelly I have misjudged him"}, {"value": "There could be no possible reason"}, {"value": "Not even your skill can inform me where she is now"}, {"value": "It may be so in this case also"}, {"value": "As he spoke the door opened and a young lady entered the room"}, {"value": "There it is in a nutshell"}, {"value": "Three gone before you could wink"}, {"value": "They are not very exacting after all"}, {"value": "It was not very long before my friends prediction was fulfilled"}, {"value": "The summons was a brief and urgent one"}, {"value": "I am at my wits end"}, {"value": "But Holmes shook his head gravely"}, {"value": "If she can come to Winchester to meet us she can get away"}, {"value": "Your advice will be altogether invaluable to me"}, {"value": "She impressed me neither favourably nor the reverse"}, {"value": "As it emerged into the moonshine I saw what it was"}, {"value": "It was my coil of hair"}, {"value": "said he looking at me keenly"}, {"value": "He was still smiling in the most amiable manner"}, {"value": "If I could only bring you down all would be well"}, {"value": "My mind was soon made up"}, {"value": "Holmes and I had listened spellbound to this extraordinary story"}, {"value": "And the Rucastles go out tonight"}, {"value": "We shall then look thoroughly into the affair"}, {"value": "Dont you see that the converse is equally valid"}, {"value": "We can do nothing until seven oclock"}, {"value": "A loud thudding noise came from somewhere downstairs"}, {"value": "Together we rushed into the room"}, {"value": "We shall soon see how he managed it"}, {"value": "I have caught you have I"}, {"value": "Quick quick or itll be too late"}, {"value": "said Holmes looking keenly at her"}, {"value": "US laws alone swamp our small staff"}], "valueSelectionStrategy": "ORIGINAL_VALUE"}}